OBJECTID,Inverter,Row,Table_,UPN,Drive Time (Min),Drive Time (Sec),As-Built Northing,Design Northing,Top of Pile in Northing Tolerance?,As Built Easting,Design Easting,Top of Pile in Easting Tolerance?,As Built Top Elevation,Design Elevation,Pile Length (ft),As-Built Reveal (ft),Design Min Reveal (ft),Design Max Reveal (ft),Reveal in Spec (Y/N),As-Built Embedment,Design Min Embedment (ft),Min Embedment Met (Y/N),Pile Twist (Degrees),Twist in Tolerance (Y/N),East Degree Lean (West Negative),North Degree Lean (South Negative),Remediation Complete (Y/N/NA),Remediation Type,Top of Pile Delta Northing (in),Top of Pile Location Delta Easting (in),Pile Height (Deg),GlobalID,CreationDate,Creator,EditDate,Editor,Letter,Color,Damper,Pile Type,Table_Ready_for_Racking,Symbology,Tracker Slope (Deg),Cumulative Tracker Slope,Pile Installed?,Elevation in Tolerance?,East Degree Lean in Spec?,North Degree Lean in Spec?,Remediation Approved,Pull Test Passed?,Is Pull Test Needed?,Remediation Performed,Random Pull Test,Cumulative Tracker Slope in Spec?,Date Installed,Date of Pull Test,Date of Random Pull Test,Date Remediation Completed,Date Remediation Approved,Display,Drive Finished At,Drive Machine,Hammering Status,Hammering Flag,Design Bottom of Pile,Remediation_Reccomendation,Symbology_S02,Unique Frame Number,Number of Helicas In Frame,Helical Oreintation,Helical Pile Position,Frame Design Northing,Frame Design Easting,Frame Design Elevation,Helical or W Section,Helical Clocking,Pile Size,Pile_Shape,x,y
47936,19,0,0,800003,,,,365909.175,No,,2260064.583,No,,892.5887,10.75,,2.0,2.75,,,8.0,,,Yes,,,Yes,,4390910.1,27120774.996,,8a3f9faa-594d-4c13-a4e3-3919ed61e730,12/16/2025 5:07:58 PM,HNemerov_westwood,2/6/2026 6:41:37 AM,sauron.sanchez,,,,MET Station Pile Groundworks,,6.0,,,Yes,,,,Yes,,,,,Yes,1/14/2026 6:00:00 AM,,,1/14/2026 6:00:00 AM,,Remediation,,,,,,,,,,,,,,,Wsection,,,,-88.9100809217683,42.9987299054353
48012,23,0,0,400255,,,,366084.137,No,,2262339.272,No,,887.108761015966,15.0,,3.25,6.36,,,8.5,,,Yes,,,,,4393009.644,27148071.264,,602154f6-79fc-44d7-b5ab-250512b31e74,12/16/2025 5:07:58 PM,HNemerov_westwood,2/6/2026 7:15:03 AM,sauron.sanchez,,,,CAB Dead-End Pile E-W,,1.0,,,Yes,,,,,,,,,Yes,12/16/2025 6:00:00 AM,,,,,Installation,,,,,,,,,,,,,,,Wsection,,,,-88.9015700527979,42.9991280282786
48015,23,0,0,400258,,,,365812.522,No,,2262318.272,No,,901.3147,15.0,,3.25,5.45,,,8.5,,,Yes,,,,,4389750.264,27147819.264,,26b80a5d-a553-4c46-b30e-a19fed882b06,12/16/2025 5:07:58 PM,HNemerov_westwood,2/6/2026 7:15:03 AM,sauron.sanchez,,,,CAB Dead-End Pile N-S,,1.0,,,Yes,,,,,,,,,Yes,12/29/2025 6:00:00 AM,,,,,,,,,,,,,,,,,,,,Wsection,,,,-88.9016619190104,42.9983836011847
48017,23,0,0,400260,,,,365812.522,No,,2262298.772,No,,901.1296,15.0,,3.25,5.45,,,8.5,,,Yes,,,,,4389750.264,27147585.264,,e9e48a31-8e9c-4814-90e1-c4cff2e0908e,12/16/2025 5:07:58 PM,HNemerov_westwood,2/6/2026 7:15:03 AM,sauron.sanchez,,,,CAB Dead-End Pile N-S,,1.0,,,Yes,,,,,,,,,Yes,12/29/2025 6:00:00 AM,,,,,,,,,,,,,,,,,,,,Wsection,,,,-88.9017348047193,42.9983843054924
48019,23,0,0,600257,,,,365811.322,No,,2262297.835,No,,904.8402,17.0,,5.0,7.0,,,10.0,,,Yes,,,,,4389735.864,27147574.02,,83a68455-18f7-4a8a-bd33-99d06e35ba79,12/16/2025 5:07:58 PM,HNemerov_westwood,2/6/2026 7:15:03 AM,sauron.sanchez,,,,LBD PILE,,1.0,,,Yes,,,,,,,,,Yes,12/29/2025 6:00:00 AM,,,,,,,,,,,,,,,,,,,,Wsection,,,,-88.9017383665394,42.9983810474121
48020,23,0,0,600258,,,,365804.422,No,,2262297.835,No,,904.6847,17.0,,5.0,7.0,,,10.0,,,Yes,,,,,4389653.064,27147574.02,,b51b26a9-f5bd-4f9f-bd66-ed42db8da59f,12/16/2025 5:07:58 PM,HNemerov_westwood,2/6/2026 7:15:03 AM,sauron.sanchez,,,,LBD PILE,,1.0,,,Yes,,,,,,,,,Yes,12/29/2025 6:00:00 AM,,,,,,,,,,,,,,,,,,,,Wsection,,,,-88.9017387061026,42.9983621165098
48021,23,0,0,600259,,,,365811.322,No,,2262299.71,No,,904.8668,17.0,,5.0,7.0,,,10.0,,,Yes,,,,,4389735.864,27147596.52,,09419ee3-ab0d-478f-89b3-9a6bf912a79e,12/16/2025 5:07:58 PM,HNemerov_westwood,2/6/2026 7:15:03 AM,sauron.sanchez,,,,LBD PILE,,1.0,,,Yes,,,,,,,,,Yes,12/29/2025 6:00:00 AM,,,,,,,,,,,,,,,,,,,,Wsection,,,,-88.9017313578836,42.9983809797407
48022,23,0,0,600260,,,,365804.422,No,,2262299.71,No,,904.7028,17.0,,5.0,7.0,,,10.0,,,Yes,,,,,4389653.064,27147596.52,,1fe1f066-c2e7-44ca-8302-b89f55a6ddf3,12/16/2025 5:07:58 PM,HNemerov_westwood,2/6/2026 7:15:03 AM,sauron.sanchez,,,,LBD PILE,,1.0,,,Yes,,,,,,,,,Yes,12/29/2025 6:00:00 AM,,,,,,,,,,,,,,,,,,,,Wsection,,,,-88.9017316974467,42.9983620488384
48023,23,0,0,600261,,,,365811.322,No,,2262317.334,No,,905.0424,17.0,,5.0,7.0,,,10.0,,,Yes,,,,,4389735.864,27147808.008,,a538d525-bf8e-4ee7-9476-746a949e0e57,12/16/2025 5:07:58 PM,HNemerov_westwood,2/6/2026 7:15:03 AM,sauron.sanchez,,,,LBD PILE,,1.0,,,Yes,,,,,,,,,Yes,12/29/2025 6:00:00 AM,,,,,,,,,,,,,,,,,,,,Wsection,,,,-88.9016654844238,42.9983803424473
48024,23,0,0,600262,,,,365804.422,No,,2262317.334,No,,904.8081,17.0,,5.0,7.0,,,10.0,,,Yes,,,,,4389653.064,27147808.008,,607ba846-28e6-4a75-b98d-e864af63ef30,12/16/2025 5:07:58 PM,HNemerov_westwood,2/6/2026 7:15:03 AM,sauron.sanchez,,,,LBD PILE,,1.0,,,Yes,,,,,,,,,Yes,12/29/2025 6:00:00 AM,,,,,,,,,,,,,,,,,,,,Wsection,,,,-88.901665823987,42.9983614122018
48025,23,0,0,600263,,,,365811.322,No,,2262319.209,No,,905.0761,17.0,,5.0,7.0,,,10.0,,,Yes,,,,,4389735.864,27147830.508,,09d2e0e2-57f0-428a-9300-35a38060d037,12/16/2025 5:07:58 PM,HNemerov_westwood,2/6/2026 7:15:03 AM,sauron.sanchez,,,,LBD PILE,,1.0,,,Yes,,,,,,,,,Yes,12/29/2025 6:00:00 AM,,,,,,,,,,,,,,,,,,,,Wsection,,,,-88.9016584757679,42.9983802747759
48026,23,0,0,600264,,,,365804.422,No,,2262319.209,No,,904.7931,17.0,,5.0,7.0,,,10.0,,,Yes,,,,,4389653.064,27147830.508,,87a297bb-858d-45dd-98ff-b0d318646ba9,12/16/2025 5:07:58 PM,HNemerov_westwood,2/6/2026 7:15:03 AM,sauron.sanchez,,,,LBD PILE,,1.0,,,Yes,,,,,,,,,Yes,12/29/2025 6:00:00 AM,,,,,,,,,,,,,,,,,,,,Wsection,,,,-88.9016588153311,42.9983613445304
48027,23,0,0,600265,,,,366085.074,No,,2262340.472,No,,888.86,17.0,,5.0,7.0,,,10.0,,,Yes,,,,,4393020.888,27148085.664,,1d039a5b-387b-416f-b7f4-b2e9fdfa6e09,12/16/2025 5:07:58 PM,HNemerov_westwood,2/6/2026 7:15:03 AM,sauron.sanchez,,,,LBD PILE,,1.0,,,Yes,,,,,,,,,Yes,12/16/2025 6:00:00 AM,,,,,Installation,,,,,,,,,,,,,,,Wsection,,,,-88.9015655207973,42.9991305557404
48028,23,0,0,600266,,,,366083.2,No,,2262340.472,No,,888.8423,17.0,,5.0,7.0,,,10.0,,,Yes,,,,,4392998.4,27148085.664,,2ae7cd0b-b49c-4101-92cd-b5b1a06d9116,12/16/2025 5:07:58 PM,HNemerov_westwood,2/6/2026 7:15:03 AM,sauron.sanchez,,,,LBD PILE,,1.0,,,Yes,,,,,,,,,Yes,12/16/2025 6:00:00 AM,,,,,Installation,,,,,,,,,,,,,,,Wsection,,,,-88.9015656133237,42.9991254147503
48029,23,0,0,600267,,,,366085.074,No,,2262347.372,No,,888.9922,17.0,,5.0,7.0,,,10.0,,,Yes,,,,,4393020.888,27148168.464,,62520c08-eb6f-4cd4-ba71-e70aa2b30bac,12/16/2025 5:07:58 PM,HNemerov_westwood,2/6/2026 7:15:03 AM,sauron.sanchez,,,,LBD PILE,,1.0,,,Yes,,,,,,,,,Yes,12/16/2025 6:00:00 AM,,,,,Installation,,,,,,,,,,,,,,,Wsection,,,,-88.9015397301655,42.9991303067391
48030,23,0,0,600268,,,,366083.2,No,,2262347.372,No,,889.0793,17.0,,5.0,7.0,,,10.0,,,Yes,,,,,4392998.4,27148168.464,,6f8602e3-eca3-4204-9129-d8f8cdaf4614,12/16/2025 5:07:58 PM,HNemerov_westwood,2/6/2026 7:15:03 AM,sauron.sanchez,,,,LBD PILE,,1.0,,,Yes,,,,,,,,,Yes,12/16/2025 6:00:00 AM,,,,,Installation,,,,,,,,,,,,,,,Wsection,,,,-88.9015398226919,42.999125165092
48056,24,0,0,700005,,,,365733.978,No,,2263857.079,No,,899.756,10.75,,2.0,2.75,,,8.0,,,Yes,,,,,4388807.736,27166284.948,,07b74003-f8e9-472c-89a0-b90c93fe4b6c,12/16/2025 5:07:58 PM,HNemerov_westwood,2/6/2026 7:15:03 AM,sauron.sanchez,,,,Weather Station,,1.0,,,Yes,,,,,,,,,Yes,12/30/2025 6:00:00 AM,,,,,Installation,,,,,,,,,,,,,,,Wsection,,,,-88.8959141438864,42.9981123566944
48067,25,0,0,400076,,,,367374.037,No,,2257343.964,No,,885.879858,15.0,,3.25,5.45,,,8.5,,,Yes,,,,,4408488.444,27088127.568,,dc2e3493-4192-4d6c-af90-1c520fee108b,12/16/2025 5:07:58 PM,HNemerov_westwood,1/14/2026 9:07:38 PM,sauron.sanchez,,,,CAB Dead-End Pile N-S,,1.0,,,Yes,,,,,,,,,Yes,1/6/2026 6:00:00 AM,,,,,Installation,,,,,,,,,,,,,,,Wsection,,,,-88.9201790806082,43.0028459349713
48069,25,0,0,400078,,,,367374.037,No,,2257363.464,No,,885.856136,15.0,,3.25,5.45,,,8.5,,,Yes,,,,,4408488.444,27088361.568,,6e99e97c-9391-4712-8484-5d0a97a9f142,12/16/2025 5:07:58 PM,HNemerov_westwood,1/14/2026 9:07:38 PM,sauron.sanchez,,,,CAB Dead-End Pile N-S,,1.0,,,Yes,,,,,,,,,Yes,1/6/2026 6:00:00 AM,,,,,Installation,,,,,,,,,,,,,,,Wsection,,,,-88.9201061895094,43.0028452418829
47162,25,0,0,500052,,,,367329.698,,,2257370.653,,,884.3632,27.5,,1.0,3.5,,,24.0,,,Yes,,,,,4407956.376,27088447.836,,9949501c-4188-40db-8d7e-4502f4bc9bdd,12/16/2025 4:14:51 PM,HNemerov_westwood,1/14/2026 9:07:38 PM,sauron.sanchez,,,,INVERTER PILE,,0.0,,,No,,,,,,,,,,,,,,,,,,,,,,,,,,,,,,,,,,-88.9200814633812,43.0027233403315
47164,25,0,0,500054,,,,367329.698,,,2257357.153,,,884.3632,19.5,,1.0,3.5,,,16.0,,,Yes,,,,,4407956.376,27088285.836,,25f34bf6-4a3c-4285-910f-3985d329e550,12/16/2025 4:14:51 PM,HNemerov_westwood,2/5/2026 4:18:31 PM,Boldtpersonnel_boldt,,,,INVERTER PILE,,0.0,,,No,,,,,,,,,,,,,,,,,,,,,,,,,,,,,,,,,,-88.9201319262423,43.0027238205671
47166,25,0,0,500056,,,,367326.083,,,2257363.153,,,884.3632,19.5,,1.0,3.5,,,16.0,,,Yes,,,,,4407912.996,27088357.836,,743506f8-d84e-4e81-8934-ce7a01b0e7f8,12/16/2025 4:14:51 PM,HNemerov_westwood,1/14/2026 9:07:38 PM,sauron.sanchez,,,,INVERTER PILE,,0.0,,,No,,,,,,,,,,,,,,,,,,,,,,,,,,,,,,,,,,-88.9201096731761,43.0027136889742
47167,25,0,0,500057,,,,367326.083,,,2257370.653,,,884.3632,27.5,,1.0,3.5,,,24.0,,,Yes,,,,,4407912.996,27088447.836,,fae878e0-797c-4959-846f-9a5294002162,12/16/2025 4:14:51 PM,HNemerov_westwood,2/5/2026 4:16:30 PM,Boldtpersonnel_boldt,,,,INVERTER PILE,,0.0,,,No,,,,,,,,,,,,,,,,,,,,,,,,,,,,,,,,,,-88.9200816385527,43.0027134229065
47168,25,0,0,500058,,,,367326.083,,,2257375.903,,,884.3632,27.5,,1.0,3.5,,,24.0,,,Yes,,,,,4407912.996,27088510.836,,13812159-3463-4de6-863d-4cf2ebd1e788,12/16/2025 4:14:51 PM,HNemerov_westwood,2/5/2026 4:13:21 PM,Boldtpersonnel_boldt,,,,INVERTER PILE,,0.0,,,No,,,,,,,,,,,,,,,,,,,,,,,,,,,,,,,,,,-88.920062013957,43.0027132363306
47169,25,0,0,500059,,,,367326.083,,,2257381.153,,,884.3632,27.5,,1.0,3.5,,,24.0,,,Yes,,,,,4407912.996,27088573.836,,645b49cc-68f3-4f3c-9447-34a9eb4b26db,12/16/2025 4:14:51 PM,HNemerov_westwood,1/14/2026 9:07:38 PM,sauron.sanchez,,,,INVERTER PILE,,0.0,,,No,,,,,,,,,,,,,,,,,,,,,,,,,,,,,,,,,,-88.9200423893613,43.0027130497548
47170,25,0,0,500060,,,,367326.083,,,2257390.07,,,884.3632,19.5,,1.0,3.5,,,16.0,,,Yes,,,,,4407912.996,27088680.84,,62b22c7c-3ce7-41e8-8f23-390bdc5fceae,12/16/2025 4:14:51 PM,HNemerov_westwood,2/5/2026 4:11:27 PM,Boldtpersonnel_boldt,,,,INVERTER PILE,,0.0,,,No,,,,,,,,,,,,,,,,,,,,,,,,,,,,,,,,,,-88.9200090573727,43.0027127324445
48112,27,0,0,400091,,,,367100.121,,,2259219.464,,,893.629137699999,15.0,,3.25,6.36,,,8.5,,,Yes,,,,,4405201.452,27110633.568,,604f52ac-7837-44ee-b2b2-759fe979ed0a,12/16/2025 5:07:58 PM,HNemerov_westwood,1/19/2026 2:31:08 PM,sauron.sanchez,,,,CAB Dead-End Pile E-W,,1.0,,,Refusal,,,,,,,Shallow refusal need pull test and cut punch ,,,,,,,,Remediation,,,,,,,,,,,,,,,Wsection,,,,-88.913181763297,43.0020275827035
48113,27,0,0,400092,,,,367100.121,No,,2258395.464,No,,889.459541308395,15.0,,3.25,6.36,,,8.5,,,Yes,,,,,4405201.452,27100745.568,,90bd577f-8951-4179-a7ab-829b7bcb578d,12/16/2025 5:07:58 PM,HNemerov_westwood,1/19/2026 2:31:08 PM,sauron.sanchez,,,,CAB Dead-End Pile E-W,,1.0,,,Yes,,,,,,,,,Yes,1/3/2026 6:00:00 AM,,,,,Installation,,,,,,,,,,,,,,,Wsection,,,,-88.9162618546409,43.0020570068238
48114,27,0,0,400093,,,,367503.872,No,,2259355.964,No,,887.599411946621,15.0,,3.25,6.36,,,8.5,,,Yes,,,,,4410046.464,27112271.568,,dde675d7-861f-491b-a775-3e218c7a1062,12/16/2025 5:07:58 PM,HNemerov_westwood,1/31/2026 2:21:54 PM,Boldtpersonnel_boldt,,,,CAB Dead-End Pile E-W,,1.0,,,Yes,,,,,,,,,Yes,1/31/2026 6:00:00 AM,,,,,Installation,,,,,,,,,,,,,,,Wsection,,,,-88.9126518489075,43.003130409303
48115,27,0,0,400094,,,,367503.872,No,,2258531.964,No,,886.218133120214,15.0,,3.25,6.36,,,8.5,,,Yes,,,,,4410046.464,27102383.568,,46b9c39a-efe6-41d5-82dd-84144ac6baee,12/16/2025 5:07:58 PM,HNemerov_westwood,1/19/2026 2:31:08 PM,sauron.sanchez,,,,CAB Dead-End Pile E-W,,1.0,,,Yes,,,,,,,,,Yes,1/6/2026 6:00:00 AM,,,,,Installation,,,,,,,,,,,,,,,Wsection,,,,-88.915731995947,43.003159847348
48116,27,0,0,400095,,,,367239.245,No,,2258864.964,No,,889.5902,15.0,,3.25,5.45,,,8.5,,,Yes,,,,,4406870.94,27106379.568,,41f5f94f-3f03-4d05-94f5-e4f4a7204b67,12/16/2025 5:07:58 PM,HNemerov_westwood,1/19/2026 2:31:08 PM,sauron.sanchez,,,,CAB Dead-End Pile N-S,,1.0,,,Yes,,,,,,,,,Yes,1/6/2026 6:00:00 AM,,,,,Installation,,,,,,,,,,,,,,,Wsection,,,,-88.9145001047568,43.0024219447613
48117,27,0,0,400096,,,,367096.576,No,,2258864.964,No,,890.15864660571,15.0,,3.25,5.45,,,8.5,,,Yes,,,,,4405158.912,27106379.568,,0ab8ff33-b223-4b53-a871-4afe95984f6a,12/16/2025 5:07:58 PM,HNemerov_westwood,1/19/2026 2:31:08 PM,sauron.sanchez,,,,CAB Dead-End Pile N-S,,1.0,,,Yes,,,,,,,,,Yes,1/3/2026 6:00:00 AM,,,,,Installation,,,,,,,,,,,,,,,Wsection,,,,-88.9145070478357,43.0020305259045
48118,27,0,0,400097,,,,367239.245,No,,2258866.964,No,,889.5862,15.0,,3.25,5.45,,,8.5,,,Yes,,,,,4406870.94,27106403.568,,07d62913-ed86-4a76-bc9c-9d0987cd7492,12/16/2025 5:07:58 PM,HNemerov_westwood,1/19/2026 2:31:08 PM,sauron.sanchez,,,,CAB Dead-End Pile N-S,,1.0,,,Yes,,,,,,,,,Yes,1/6/2026 6:00:00 AM,,,,,Installation,,,,,,,,,,,,,,,Wsection,,,,-88.914492628977,43.0024218731526
48119,27,0,0,400098,,,,367096.576,No,,2258866.964,No,,890.15864660571,15.0,,3.25,5.45,,,8.5,,,Yes,,,,,4405158.912,27106403.568,,ddb4423e-f372-4010-a3e9-efe3b02afde2,12/16/2025 5:07:58 PM,HNemerov_westwood,1/19/2026 2:31:08 PM,sauron.sanchez,,,,CAB Dead-End Pile N-S,,1.0,,,Yes,,,,,,,,,Yes,1/3/2026 6:00:00 AM,,,,,Installation,,,,,,,,,,,,,,,Wsection,,,,-88.9144995711576,43.0020304542954
48120,27,0,0,400099,,,,367507.417,,,2258825.964,,,885.46078204425,15.0,,3.25,5.45,,,8.5,,,,,,,,,,,7deeaf53-f823-4c17-aeae-3ee9f6e81d1b,12/16/2025 5:07:58 PM,HNemerov_westwood,1/19/2026 2:31:08 PM,sauron.sanchez,,,,CAB Dead-End Pile N-S,,1.0,,,No,,,,,,No,,,,,,,,,,,,,,,,,,,,,,,,Wsection,,,,-88.9146328389249,43.0031590793706
48121,27,0,0,400100,,,,367374.037,No,,2258825.964,No,,889.9735,15.0,,3.25,5.45,,,8.5,,,Yes,,,,,4408488.444,27105911.568,,7421e218-cb4c-4061-8d97-97063bf5b256,12/16/2025 5:07:58 PM,HNemerov_westwood,1/19/2026 2:31:08 PM,sauron.sanchez,,,,CAB Dead-End Pile N-S,,1.0,,,Yes,,,,,,,,,Yes,1/6/2026 6:00:00 AM,,,,,Installation,,,,,,,,,,,,,,,Wsection,,,,-88.9146393283545,43.0027931452672
48122,27,0,0,400101,,,,367507.417,,,2258845.464,,,885.613563307394,15.0,,3.25,5.45,,,8.5,,,,,,,,,,,fa1181be-c679-410a-801c-8ec433ac19b4,12/16/2025 5:07:58 PM,HNemerov_westwood,1/19/2026 2:31:08 PM,sauron.sanchez,,,,CAB Dead-End Pile N-S,,1.0,,,No,,,,,,No,,,,,,,,,,,,,,,,,,,,,,,,Wsection,,,,-88.9145599469278,43.0031583830011
48123,27,0,0,400102,,,,367374.037,No,,2258845.464,No,,890.3,15.0,,3.25,5.45,,,8.5,,,Yes,,,,,4408488.444,27106145.568,,28e30664-495e-4277-b7e6-8e4893797f14,12/16/2025 5:07:58 PM,HNemerov_westwood,1/19/2026 2:31:08 PM,sauron.sanchez,,,,CAB Dead-End Pile N-S,,1.0,,,Yes,,,,,,,,,Yes,1/6/2026 6:00:00 AM,,,,,Installation,,,,,,,,,,,,,,,Wsection,,,,-88.9145664372557,43.0027924488935
47192,27,0,0,500082,,,,367329.698,,,2258838.403,,,888.0868,27.5,,1.0,3.5,,,24.0,,,Yes,,,,,4407956.376,27106060.836,,1b9970f3-5e4e-456b-ba52-53f77e8741f2,12/16/2025 4:14:51 PM,HNemerov_westwood,2/5/2026 3:30:23 PM,Boldtpersonnel_boldt,,,,INVERTER PILE,,0.0,,,No,,,,,,,,,,,,,,,,,,,,,,,,,,,,,,,,,,-88.9145949884104,43.0026710550655
47193,27,0,0,500083,,,,367329.698,,,2258843.653,,,888.0868,27.5,,1.0,3.5,,,24.0,,,Yes,,,,,4407956.376,27106123.836,,c304b568-fc2e-470e-818f-ad057c32dfbf,12/16/2025 4:14:51 PM,HNemerov_westwood,2/5/2026 8:17:18 PM,Boldtpersonnel_boldt,,,,INVERTER PILE,,0.0,,,No,,,,,,,,,,,,,,,,,,,,,,,,,,,,,,,,,,-88.9145753638147,43.0026708678326
47194,27,0,0,500084,,,,367329.698,,,2258852.57,,,888.0868,19.5,,1.0,3.5,,,16.0,,,Yes,,,,,4407956.376,27106230.84,,e436851a-ac67-4e9b-9938-520ecb7339b7,12/16/2025 4:14:51 PM,HNemerov_westwood,2/5/2026 8:18:30 PM,Boldtpersonnel_boldt,,,,INVERTER PILE,,0.0,,,No,,,,,,,,,,,,,,,,,,,,,,,,,,,,,,,,,,-88.9145420318261,43.0026705492081
48124,27,0,0,600087,,,,367375.237,No,,2258825.026,No,,893.6262,17.0,,5.0,7.0,,,10.0,,,Yes,,,,,4408502.844,27105900.312,,58f9074c-6d73-4d67-9530-1d0c9fb53a92,12/16/2025 5:07:58 PM,HNemerov_westwood,1/19/2026 2:31:08 PM,sauron.sanchez,,,,LBD PILE,,1.0,,,Yes,,,,,,,,,Yes,1/6/2026 6:00:00 AM,,,,,Installation,,,,,,,,,,,,,,,Wsection,,,,-88.9146427760886,43.0027964714371
48125,27,0,0,600088,,,,367379.837,No,,2258825.026,No,,893.4764,17.0,,5.0,7.0,,,10.0,,,Yes,,,,,4408558.044,27105900.312,,9570dd3e-816c-4e46-861a-2c3ddb1ebec4,12/16/2025 5:07:58 PM,HNemerov_westwood,1/19/2026 2:31:08 PM,sauron.sanchez,,,,LBD PILE,,1.0,,,Yes,,,,,,,,,Yes,1/6/2026 6:00:00 AM,,,,,Installation,,,,,,,,,,,,,,,Wsection,,,,-88.9146425524081,43.0028090915664
48126,27,0,0,600089,,,,367375.237,No,,2258826.901,No,,893.7113,17.0,,5.0,7.0,,,10.0,,,Yes,,,,,4408502.844,27105922.812,,4582a46e-1078-42e8-ae60-9a51f1793e95,12/16/2025 5:07:58 PM,HNemerov_westwood,1/19/2026 2:31:08 PM,sauron.sanchez,,,,LBD PILE,,1.0,,,Yes,,,,,,,,,Yes,1/6/2026 6:00:00 AM,,,,,Installation,,,,,,,,,,,,,,,Wsection,,,,-88.9146357674327,43.0027964044275
48127,27,0,0,600090,,,,367379.837,No,,2258826.901,No,,893.5057,17.0,,5.0,7.0,,,10.0,,,Yes,,,,,4408558.044,27105922.812,,b9894dc2-bad8-41d4-8f0c-3aa0a8d9adbc,12/16/2025 5:07:58 PM,HNemerov_westwood,1/19/2026 2:31:08 PM,sauron.sanchez,,,,LBD PILE,,1.0,,,Yes,,,,,,,,,Yes,1/6/2026 6:00:00 AM,,,,,Installation,,,,,,,,,,,,,,,Wsection,,,,-88.9146355437522,43.0028090245568
48128,27,0,0,600091,,,,367375.237,No,,2258844.526,No,,893.7738,17.0,,5.0,7.0,,,10.0,,,Yes,,,,,4408502.844,27106134.312,,bc5a5a71-562b-45f9-ac13-2593bdced027,12/16/2025 5:07:58 PM,HNemerov_westwood,1/19/2026 2:31:08 PM,sauron.sanchez,,,,LBD PILE,,1.0,,,Yes,,,,,,,,,Yes,1/6/2026 6:00:00 AM,,,,,Installation,,,,,,,,,,,,,,,Wsection,,,,-88.9145698849898,43.0027957750633
48129,27,0,0,600092,,,,367379.837,No,,2258844.526,No,,893.6523,17.0,,5.0,7.0,,,10.0,,,Yes,,,,,4408558.044,27106134.312,,a2860410-9fb6-4d36-b63d-3927124caa00,12/16/2025 5:07:58 PM,HNemerov_westwood,1/19/2026 2:31:08 PM,sauron.sanchez,,,,LBD PILE,,1.0,,,Yes,,,,,,,,,Yes,1/6/2026 6:00:00 AM,,,,,Installation,,,,,,,,,,,,,,,Wsection,,,,-88.9145696613093,43.0028083951928
48130,27,0,0,600093,,,,367377.537,No,,2258846.401,No,,893.7083,17.0,,5.0,7.0,,,10.0,,,Yes,,,,,4408530.444,27106156.812,,497a6831-4555-4e96-be27-0cd7ce2e9f7e,12/16/2025 5:07:58 PM,HNemerov_westwood,1/19/2026 2:31:08 PM,sauron.sanchez,,,,LBD PILE,,1.0,,,Yes,,,,,,,,,Yes,1/6/2026 6:00:00 AM,,,,,Installation,,,,,,,,,,,,,,,Wsection,,,,-88.9145627640445,43.0028020181188
48131,27,0,0,600094,,,,367379.837,No,,2258846.401,No,,893.6522,17.0,,5.0,7.0,,,10.0,,,Yes,,,,,4408558.044,27106156.812,,d853a72d-b34e-4daa-ac1f-499466d7ecaf,12/16/2025 5:07:58 PM,HNemerov_westwood,1/19/2026 2:31:08 PM,sauron.sanchez,,,,LBD PILE,,1.0,,,Yes,,,,,,,,,Yes,1/6/2026 6:00:00 AM,,,,,Installation,,,,,,,,,,,,,,,Wsection,,,,-88.9145626526534,43.0028083281833
48132,27,0,0,600095,,,,367224.245,No,,2258864.027,No,,893.2009,17.0,,5.0,7.0,,,10.0,,,Yes,,,,,4406690.94,27106368.324,,f54bdb42-308a-41a4-b3ae-bb901fb520cc,12/16/2025 5:07:58 PM,HNemerov_westwood,1/19/2026 2:31:08 PM,sauron.sanchez,,,,LBD PILE,,1.0,,,Yes,,,,,,,,,Yes,1/6/2026 6:00:00 AM,,,,,Installation,,,,,,,,,,,,,,,Wsection,,,,-88.9145043376184,43.0023808249448
48133,27,0,0,600096,,,,367238.045,No,,2258864.027,No,,893.2597,17.0,,5.0,7.0,,,10.0,,,Yes,,,,,4406856.54,27106368.324,,da96a025-e82e-4a7f-8183-1cadc5b71e62,12/16/2025 5:07:58 PM,HNemerov_westwood,1/19/2026 2:31:08 PM,sauron.sanchez,,,,LBD PILE,,1.0,,,Yes,,,,,,,,,Yes,1/6/2026 6:00:00 AM,,,,,Installation,,,,,,,,,,,,,,,Wsection,,,,-88.9145036656786,43.0024186855812
48134,27,0,0,600097,,,,367231.145,No,,2258864.027,No,,893.2254,17.0,,5.0,7.0,,,10.0,,,Yes,,,,,4406773.74,27106368.324,,8b1b75c5-52de-41ec-8357-43d859aebe48,12/16/2025 5:07:58 PM,HNemerov_westwood,1/19/2026 2:31:08 PM,sauron.sanchez,,,,LBD PILE,,1.0,,,Yes,,,,,,,,,Yes,1/6/2026 6:00:00 AM,,,,,Installation,,,,,,,,,,,,,,,Wsection,,,,-88.9145040016485,43.0023997552659
48135,27,0,0,600098,,,,367229.995,No,,2258867.902,No,,893.3045,17.0,,5.0,7.0,,,10.0,,,Yes,,,,,4406759.94,27106414.824,,17b412c3-ee53-4524-b38c-084ec01724cc,12/16/2025 5:07:58 PM,HNemerov_westwood,1/19/2026 2:31:08 PM,sauron.sanchez,,,,LBD PILE,,1.0,,,Yes,,,,,,,,,Yes,1/6/2026 6:00:00 AM,,,,,Installation,,,,,,,,,,,,,,,Wsection,,,,-88.9144895729085,43.0023964619226
48136,27,0,0,600099,,,,367224.245,No,,2258867.902,No,,893.2143,17.0,,5.0,7.0,,,10.0,,,Yes,,,,,4406690.94,27106414.824,,820383a5-ada7-4add-982f-fb7ac457b6cb,12/16/2025 5:07:58 PM,HNemerov_westwood,1/19/2026 2:31:08 PM,sauron.sanchez,,,,LBD PILE,,1.0,,,Yes,,,,,,,,,Yes,1/6/2026 6:00:00 AM,,,,,Installation,,,,,,,,,,,,,,,Wsection,,,,-88.9144898522845,43.0023806863261
48137,27,0,0,600100,,,,367235.745,No,,2258867.902,No,,893.2136,17.0,,5.0,7.0,,,10.0,,,Yes,,,,,4406828.94,27106414.824,,7bdd339b-bb41-4a6c-b006-51ca245d1684,12/16/2025 5:07:58 PM,HNemerov_westwood,1/19/2026 2:31:08 PM,sauron.sanchez,,,,LBD PILE,,1.0,,,Yes,,,,,,,,,Yes,1/6/2026 6:00:00 AM,,,,,Installation,,,,,,,,,,,,,,,Wsection,,,,-88.9144892926341,43.002412237515
